sku,title,description,category,material,origin_district,price_rwf,artisan_id
MIR0001,Bright Beaded Necklace,small artisan workshop. glass beads piece from Bugesera.,jewellery,glass beads,Bugesera,46500,ART067
MIR0002,Durable Tote Bag,finished by local artisans. cuir artisanal piece from Gasabo.,leather,cuir artisanal,Gasabo,51000,ART080
MIR0003,Minimal Ceramic Vase,simple artisan finish. kitenge cotton piece from Kicukiro.,home-decor,kitenge cotton,Kicukiro,9000,ART060
MIR0004,Woven Wall Basket,good for home storage. raffia piece from Nyanza.,basketry,raffia,Nyanza,41000,ART009
MIR0005,Classic Festival Top,hand-finished seams. kitenge cotton piece from Musanze.,apparel,kitenge cotton,Musanze,57000,ART041
MIR0006,Minimal Ceramic Vase,crafted for everyday decor. kitenge cotton piece from Gasabo.,home-decor,kitenge cotton,Gasabo,61500,ART082
MIR0007,Delicate Anklet,hand-assembled details. brass piece from Gasabo.,jewellery,brass,Gasabo,66500,ART015
MIR0008,Gift-Ready Pendant Set,lightweight for daily use. horn piece from Kayonza.,jewellery,horn,Kayonza,69000,ART022
MIR0009,Classic Tailored Shirt,bold print accents. linen blend piece from Gicumbi.,apparel,linen blend,Gicumbi,15500,ART088
MIR0010,Hand-Stitched Card Holder,everyday city use. full grain leather piece from Gicumbi.,leather,full grain leather,Gicumbi,17500,ART076
MIR0011,Durable Belt,everyday city use. cow leather piece from Kicukiro.,leather,cow leather,Kicukiro,86500,ART063
MIR0012,Modern Ceramic Vase,crafted for everyday decor. sisal piece from Kicukiro.,home-decor,sisal,Kicukiro,20000,ART077
MIR0013,Decorative Woven Tray,natural texture finish. sisal piece from Nyarugenge.,basketry,sisal,Nyarugenge,9000,ART002
MIR0014,Statement Pendant Set,inspired by local motifs. horn piece from Karongi.,jewellery,horn,Karongi,10000,ART056
MIR0015,Classic Tote Bag,cadeau en cuir pour femme. cow leather piece from Gasabo.,leather,cow leather,Gasabo,75500,ART020
MIR0016,Everyday Wrap Skirt,bold print accents. kitenge cotton piece from Huye.,apparel,kitenge cotton,Huye,19500,ART009
MIR0017,Functional Storage Basket,crafted in small batches. raffia piece from Nyagatare.,basketry,raffia,Nyagatare,15000,ART049
MIR0018,Artisan Wrap Skirt,hand-finished seams. organic cotton piece from Nyagatare.,apparel,organic cotton,Nyagatare,62000,ART014
MIR0019,Bright Bracelet,inspired by local motifs. silver tone metal piece from Muhanga.,jewellery,silver tone metal,Muhanga,25000,ART049
MIR0020,Traditional Wall Basket,natural texture finish. banana fiber piece from Nyarugenge.,basketry,banana fiber,Nyarugenge,25500,ART014
MIR0021,Statement Pendant Set,hand-assembled details. horn piece from Rwamagana.,jewellery,horn,Rwamagana,78000,ART012
MIR0022,Hand-Stitched Tote Bag,finished by local artisans. goat leather piece from Kicukiro.,leather,goat leather,Kicukiro,71000,ART028
MIR0023,Handmade Ceramic Vase,crafted for everyday decor. ceramic piece from Nyanza.,home-decor,ceramic,Nyanza,19500,ART088
MIR0024,Minimal Wall Hanging,designed for small spaces. wood piece from Kayonza.,home-decor,wood,Kayonza,33500,ART053
MIR0025,Delicate Anklet,lightweight for daily use. silver tone metal piece from Nyagatare.,jewellery,silver tone metal,Nyagatare,17000,ART043
MIR0026,Classic Tailored Shirt,locally tailored fit. organic cotton piece from Huye.,apparel,organic cotton,Huye,48500,ART051
MIR0027,Classic Belt,ideal gift for women. vegetable tanned leather piece from Nyanza.,leather,vegetable tanned leather,Nyanza,46000,ART056
MIR0028,Modern Wrap Skirt,locally tailored fit. organic cotton piece from Nyarugenge.,apparel,organic cotton,Nyarugenge,44000,ART039
MIR0029,Modern Light Jacket,locally tailored fit. linen blend piece from Rwamagana.,apparel,linen blend,Rwamagana,40500,ART073
MIR0030,Woven Woven Tray,good for home storage. banana fiber piece from Gicumbi.,basketry,banana fiber,Gicumbi,26000,ART046
MIR0031,Minimal Earrings,small artisan workshop. brass piece from Rubavu.,jewellery,brass,Rubavu,34500,ART047
MIR0032,Warm Wall Hanging,simple artisan finish. kitenge cotton piece from Gasabo.,home-decor,kitenge cotton,Gasabo,77000,ART007
MIR0033,Premium Card Holder,ideal gift for women. cow leather piece from Rubavu.,leather,cow leather,Rubavu,79500,ART051
MIR0034,Classic Crossbody Bag,cadeau en cuir pour femme. goat leather piece from Gasabo.,leather,goat leather,Gasabo,14000,ART067
MIR0035,Hand-Stitched Belt,ideal gift for women. full grain leather piece from Gicumbi.,leather,full grain leather,Gicumbi,110000,ART038
MIR0036,Modern Kitenge Dress,locally tailored fit. organic cotton piece from Rusizi.,apparel,organic cotton,Rusizi,29500,ART011
MIR0037,Artisan Light Jacket,bold print accents. kitenge cotton piece from Kayonza.,apparel,kitenge cotton,Kayonza,33000,ART041
MIR0038,Classic Wallet,finished by local artisans. full grain leather piece from Nyarugenge.,leather,full grain leather,Nyarugenge,65500,ART064
MIR0039,Elegant Festival Top,hand-finished seams. organic cotton piece from Gasabo.,apparel,organic cotton,Gasabo,51500,ART061
MIR0040,Traditional Fruit Basket,natural texture finish. sisal piece from Rusizi.,basketry,sisal,Rusizi,38500,ART015
MIR0041,Hand-Stitched Passport Case,cadeau en cuir pour femme. cuir artisanal piece from Muhanga.,leather,cuir artisanal,Muhanga,122500,ART019
MIR0042,Handmade Wood Candle Holder,simple artisan finish. kitenge cotton piece from Rwamagana.,home-decor,kitenge cotton,Rwamagana,39500,ART041
MIR0043,Delicate Earrings,lightweight for daily use. horn piece from Karongi.,jewellery,horn,Karongi,41500,ART004
MIR0044,Hand-Stitched Belt,ideal gift for women. cow leather piece from Rubavu.,leather,cow leather,Rubavu,137000,ART017
MIR0045,Warm Wood Candle Holder,crafted for everyday decor. sisal piece from Musanze.,home-decor,sisal,Musanze,23000,ART018
MIR0046,Gift-Ready Bracelet,hand-assembled details. glass beads piece from Rusizi.,jewellery,glass beads,Rusizi,12000,ART045
MIR0047,Durable Crossbody Bag,finished by local artisans. cuir artisanal piece from Gicumbi.,leather,cuir artisanal,Gicumbi,89000,ART077
MIR0048,Soft Sandals,finished by local artisans. full grain leather piece from Karongi.,leather,full grain leather,Karongi,20000,ART069
MIR0049,Lightweight Wall Basket,natural texture finish. banana fiber piece from Muhanga.,basketry,banana fiber,Muhanga,42500,ART080
MIR0050,Modern Festival Top,locally tailored fit. organic cotton piece from Rwamagana.,apparel,organic cotton,Rwamagana,56500,ART070
MIR0051,Everyday Tailored Shirt,locally tailored fit. organic cotton piece from Bugesera.,apparel,organic cotton,Bugesera,15500,ART028
MIR0052,Modern Festival Top,bold print accents. organic cotton piece from Muhanga.,apparel,organic cotton,Muhanga,39000,ART045
MIR0053,Delicate Bracelet,small artisan workshop. brass piece from Huye.,jewellery,brass,Huye,52500,ART090
MIR0054,Lightweight Wall Basket,natural texture finish. sisal piece from Gasabo.,basketry,sisal,Gasabo,12500,ART031
MIR0055,Delicate Earrings,lightweight for daily use. glass beads piece from Bugesera.,jewellery,glass beads,Bugesera,37000,ART063
MIR0056,Delicate Earrings,lightweight for daily use. glass beads piece from Muhanga.,jewellery,glass beads,Muhanga,26500,ART001
MIR0057,Classic Crossbody Bag,cadeau en cuir pour femme. vegetable tanned leather piece from Nyanza.,leather,vegetable tanned leather,Nyanza,123000,ART065
MIR0058,Functional Wall Basket,good for home storage. raffia piece from Kayonza.,basketry,raffia,Kayonza,41000,ART069
MIR0059,Elegant Light Jacket,bold print accents. kitenge cotton piece from Kayonza.,apparel,kitenge cotton,Kayonza,35000,ART057
MIR0060,Classic Festival Top,bold print accents. kitenge cotton piece from Rwamagana.,apparel,kitenge cotton,Rwamagana,33500,ART066
MIR0061,Traditional Wall Basket,crafted in small batches. banana fiber piece from Nyanza.,basketry,banana fiber,Nyanza,9500,ART038
MIR0062,Premium Passport Case,cadeau en cuir pour femme. goat leather piece from Gicumbi.,leather,goat leather,Gicumbi,115500,ART067
MIR0063,Lightweight Wall Basket,handwoven by cooperatives. sisal piece from Kicukiro.,basketry,sisal,Kicukiro,25500,ART027
MIR0064,Gift-Ready Pendant Set,small artisan workshop. silver tone metal piece from Bugesera.,jewellery,silver tone metal,Bugesera,40500,ART089
MIR0065,Functional Storage Basket,crafted in small batches. sisal piece from Nyagatare.,basketry,sisal,Nyagatare,31000,ART007
MIR0066,Lightweight Agaseke Basket,natural texture finish. raffia piece from Muhanga.,basketry,raffia,Muhanga,42000,ART073
MIR0067,Functional Fruit Basket,natural texture finish. sisal piece from Gasabo.,basketry,sisal,Gasabo,43000,ART005
MIR0068,Durable Tote Bag,finished by local artisans. cow leather piece from Bugesera.,leather,cow leather,Bugesera,110500,ART061
MIR0069,Elegant Wrap Skirt,locally tailored fit. kitenge cotton piece from Gicumbi.,apparel,kitenge cotton,Gicumbi,31000,ART067
MIR0070,Durable Card Holder,clean handmade stitching. cow leather piece from Bugesera.,leather,cow leather,Bugesera,98000,ART022
MIR0071,Artisan Tailored Shirt,locally tailored fit. organic cotton piece from Gasabo.,apparel,organic cotton,Gasabo,23500,ART086
MIR0072,Soft Sandals,finished by local artisans. cow leather piece from Karongi.,leather,cow leather,Karongi,135500,ART037
MIR0073,Handmade Ceramic Vase,simple artisan finish. wood piece from Musanze.,home-decor,wood,Musanze,50500,ART038
MIR0074,Classic Wallet,finished by local artisans. cuir artisanal piece from Bugesera.,leather,cuir artisanal,Bugesera,93500,ART027
MIR0075,Modern Light Jacket,bold print accents. kitenge cotton piece from Rubavu.,apparel,kitenge cotton,Rubavu,57500,ART050
MIR0076,Classic Crossbody Bag,everyday city use. cow leather piece from Rusizi.,leather,cow leather,Rusizi,111000,ART031
MIR0077,Hand-Stitched Wallet,ideal gift for women. vegetable tanned leather piece from Kayonza.,leather,vegetable tanned leather,Kayonza,119000,ART058
MIR0078,Traditional Fruit Basket,handwoven by cooperatives. sisal piece from Kicukiro.,basketry,sisal,Kicukiro,45000,ART052
MIR0079,Decorative Woven Tray,natural texture finish. banana fiber piece from Muhanga.,basketry,banana fiber,Muhanga,25000,ART006
MIR0080,Bright Anklet,hand-assembled details. silver tone metal piece from Huye.,jewellery,silver tone metal,Huye,33000,ART013
MIR0081,Woven Agaseke Basket,handwoven by cooperatives. raffia piece from Musanze.,basketry,raffia,Musanze,17000,ART050
MIR0082,Hand-Stitched Belt,everyday city use. full grain leather piece from Bugesera.,leather,full grain leather,Bugesera,70000,ART031
MIR0083,Gift-Ready Anklet,inspired by local motifs. horn piece from Karongi.,jewellery,horn,Karongi,78500,ART046
MIR0084,Modern Tailored Shirt,locally tailored fit. linen blend piece from Huye.,apparel,linen blend,Huye,27000,ART022
MIR0085,Artisan Festival Top,locally tailored fit. kitenge cotton piece from Rwamagana.,apparel,kitenge cotton,Rwamagana,21000,ART089
MIR0086,Elegant Light Jacket,bold print accents. organic cotton piece from Gasabo.,apparel,organic cotton,Gasabo,22500,ART027
MIR0087,Bright Earrings,small artisan workshop. brass piece from Nyarugenge.,jewellery,brass,Nyarugenge,6000,ART032
MIR0088,Premium Crossbody Bag,everyday city use. vegetable tanned leather piece from Musanze.,leather,vegetable tanned leather,Musanze,120000,ART072
MIR0089,Everyday Wrap Skirt,bold print accents. linen blend piece from Rwamagana.,apparel,linen blend,Rwamagana,42000,ART086
MIR0090,Durable Sandals,ideal gift for women. cuir artisanal piece from Rusizi.,leather,cuir artisanal,Rusizi,120500,ART082
MIR0091,Classic Light Jacket,hand-finished seams. kitenge cotton piece from Muhanga.,apparel,kitenge cotton,Muhanga,33000,ART029
MIR0092,Lightweight Wall Basket,crafted in small batches. banana fiber piece from Karongi.,basketry,banana fiber,Karongi,22500,ART047
MIR0093,Premium Tote Bag,clean handmade stitching. cuir artisanal piece from Kayonza.,leather,cuir artisanal,Kayonza,52500,ART067
MIR0094,Premium Tote Bag,cadeau en cuir pour femme. goat leather piece from Muhanga.,leather,goat leather,Muhanga,75000,ART006
MIR0095,Soft Crossbody Bag,clean handmade stitching. full grain leather piece from Rubavu.,leather,full grain leather,Rubavu,129500,ART005
MIR0096,Decorative Agaseke Basket,crafted in small batches. raffia piece from Karongi.,basketry,raffia,Karongi,33000,ART006
MIR0097,Durable Belt,ideal gift for women. cuir artisanal piece from Rubavu.,leather,cuir artisanal,Rubavu,44000,ART045
MIR0098,Classic Light Jacket,comfortable daily wear. kitenge cotton piece from Rubavu.,apparel,kitenge cotton,Rubavu,57500,ART011
MIR0099,Classic Kitenge Dress,comfortable daily wear. kitenge cotton piece from Rwamagana.,apparel,kitenge cotton,Rwamagana,10500,ART025
MIR0100,Modern Cushion Cover,crafted for everyday decor. ceramic piece from Muhanga.,home-decor,ceramic,Muhanga,77000,ART071
MIR0101,Textured Wall Hanging,adds warmth to living room. wood piece from Rubavu.,home-decor,wood,Rubavu,83000,ART054
MIR0102,Functional Fruit Basket,good for home storage. banana fiber piece from Huye.,basketry,banana fiber,Huye,18000,ART021
MIR0103,Hand-Stitched Crossbody Bag,everyday city use. vegetable tanned leather piece from Gasabo.,leather,vegetable tanned leather,Gasabo,131000,ART045
MIR0104,Warm Ceramic Vase,crafted for everyday decor. kitenge cotton piece from Nyanza.,home-decor,kitenge cotton,Nyanza,18500,ART005
MIR0105,Gift-Ready Beaded Necklace,hand-assembled details. brass piece from Gasabo.,jewellery,brass,Gasabo,66500,ART084
MIR0106,Delicate Beaded Necklace,lightweight for daily use. brass piece from Rusizi.,jewellery,brass,Rusizi,24000,ART056
MIR0107,Soft Tote Bag,cadeau en cuir pour femme. goat leather piece from Muhanga.,leather,goat leather,Muhanga,80000,ART062
MIR0108,Durable Tote Bag,everyday city use. cuir artisanal piece from Rwamagana.,leather,cuir artisanal,Rwamagana,34500,ART056
MIR0109,Elegant Festival Top,comfortable daily wear. linen blend piece from Gicumbi.,apparel,linen blend,Gicumbi,23000,ART027
MIR0110,Modern Wood Candle Holder,simple artisan finish. ceramic piece from Kayonza.,home-decor,ceramic,Kayonza,88500,ART055
MIR0111,Durable Tote Bag,ideal gift for women. full grain leather piece from Gicumbi.,leather,full grain leather,Gicumbi,87500,ART014
MIR0112,Classic Wrap Skirt,locally tailored fit. organic cotton piece from Rubavu.,apparel,organic cotton,Rubavu,32000,ART020
MIR0113,Durable Sandals,clean handmade stitching. cuir artisanal piece from Kicukiro.,leather,cuir artisanal,Kicukiro,113500,ART078
MIR0114,Lightweight Storage Basket,good for home storage. sisal piece from Rusizi.,basketry,sisal,Rusizi,34000,ART015
MIR0115,Elegant Festival Top,comfortable daily wear. kitenge cotton piece from Karongi.,apparel,kitenge cotton,Karongi,16000,ART075
MIR0116,Warm Wood Candle Holder,simple artisan finish. ceramic piece from Musanze.,home-decor,ceramic,Musanze,19000,ART012
MIR0117,Minimal Pendant Set,inspired by local motifs. brass piece from Nyarugenge.,jewellery,brass,Nyarugenge,15000,ART072
MIR0118,Bright Anklet,inspired by local motifs. brass piece from Bugesera.,jewellery,brass,Bugesera,79500,ART002
MIR0119,Soft Sandals,cadeau en cuir pour femme. goat leather piece from Kicukiro.,leather,goat leather,Kicukiro,24500,ART052
MIR0120,Traditional Woven Tray,handwoven by cooperatives. raffia piece from Nyarugenge.,basketry,raffia,Nyarugenge,16000,ART056
MIR0121,Woven Wall Basket,natural texture finish. raffia piece from Muhanga.,basketry,raffia,Muhanga,18500,ART012
MIR0122,Functional Wall Basket,handwoven by cooperatives. banana fiber piece from Nyarugenge.,basketry,banana fiber,Nyarugenge,29000,ART002
MIR0123,Modern Kitenge Dress,comfortable daily wear. linen blend piece from Bugesera.,apparel,linen blend,Bugesera,43500,ART076
MIR0124,Premium Sandals,finished by local artisans. vegetable tanned leather piece from Rwamagana.,leather,vegetable tanned leather,Rwamagana,105500,ART036
MIR0125,Elegant Light Jacket,bold print accents. linen blend piece from Muhanga.,apparel,linen blend,Muhanga,49000,ART025
MIR0126,Premium Passport Case,cadeau en cuir pour femme. vegetable tanned leather piece from Bugesera.,leather,vegetable tanned leather,Bugesera,13500,ART047
MIR0127,Classic Tote Bag,everyday city use. goat leather piece from Rwamagana.,leather,goat leather,Rwamagana,141500,ART039
MIR0128,Elegant Kitenge Dress,hand-finished seams. linen blend piece from Nyanza.,apparel,linen blend,Nyanza,47000,ART036
MIR0129,Classic Light Jacket,hand-finished seams. organic cotton piece from Kayonza.,apparel,organic cotton,Kayonza,47000,ART024
MIR0130,Functional Agaseke Basket,handwoven by cooperatives. banana fiber piece from Kayonza.,basketry,banana fiber,Kayonza,13500,ART083
MIR0131,Everyday Tailored Shirt,bold print accents. linen blend piece from Karongi.,apparel,linen blend,Karongi,45000,ART058
MIR0132,Modern Cushion Cover,designed for small spaces. ceramic piece from Kicukiro.,home-decor,ceramic,Kicukiro,67500,ART067
MIR0133,Decorative Fruit Basket,handwoven by cooperatives. banana fiber piece from Muhanga.,basketry,banana fiber,Muhanga,36000,ART040
MIR0134,Classic Passport Case,everyday city use. cuir artisanal piece from Gicumbi.,leather,cuir artisanal,Gicumbi,26000,ART072
MIR0135,Lightweight Agaseke Basket,handwoven by cooperatives. raffia piece from Karongi.,basketry,raffia,Karongi,13500,ART042
MIR0136,Artisan Festival Top,bold print accents. organic cotton piece from Gicumbi.,apparel,organic cotton,Gicumbi,58500,ART065
MIR0137,Textured Ceramic Vase,designed for small spaces. sisal piece from Rubavu.,home-decor,sisal,Rubavu,54500,ART032
MIR0138,Durable Sandals,everyday city use. vegetable tanned leather piece from Gasabo.,leather,vegetable tanned leather,Gasabo,141000,ART055
MIR0139,Statement Bracelet,lightweight for daily use. brass piece from Nyarugenge.,jewellery,brass,Nyarugenge,33000,ART031
MIR0140,Elegant Tailored Shirt,comfortable daily wear. kitenge cotton piece from Rubavu.,apparel,kitenge cotton,Rubavu,47500,ART015
MIR0141,Durable Tote Bag,ideal gift for women. cow leather piece from Kayonza.,leather,cow leather,Kayonza,39500,ART066
MIR0142,Soft Tote Bag,ideal gift for women. full grain leather piece from Muhanga.,leather,full grain leather,Muhanga,50500,ART080
MIR0143,Textured Wall Hanging,designed for small spaces. banana fiber piece from Nyarugenge.,home-decor,banana fiber,Nyarugenge,11500,ART044
MIR0144,Traditional Fruit Basket,handwoven by cooperatives. sisal piece from Kicukiro.,basketry,sisal,Kicukiro,24500,ART005
MIR0145,Hand-Stitched Tote Bag,everyday city use. goat leather piece from Nyanza.,leather,goat leather,Nyanza,134000,ART061
MIR0146,Durable Tote Bag,ideal gift for women. goat leather piece from Nyarugenge.,leather,goat leather,Nyarugenge,117500,ART027
MIR0147,Hand-Stitched Wallet,cadeau en cuir pour femme. full grain leather piece from Bugesera.,leather,full grain leather,Bugesera,96500,ART010
MIR0148,Durable Passport Case,everyday city use. cuir artisanal piece from Muhanga.,leather,cuir artisanal,Muhanga,31000,ART007
MIR0149,Durable Passport Case,clean handmade stitching. goat leather piece from Muhanga.,leather,goat leather,Muhanga,124500,ART039
MIR0150,Elegant Festival Top,locally tailored fit. organic cotton piece from Nyagatare.,apparel,organic cotton,Nyagatare,18500,ART049
MIR0151,Bright Beaded Necklace,small artisan workshop. silver tone metal piece from Nyarugenge.,jewellery,silver tone metal,Nyarugenge,34000,ART010
MIR0152,Modern Wall Hanging,simple artisan finish. sisal piece from Karongi.,home-decor,sisal,Karongi,38000,ART027
MIR0153,Everyday Festival Top,bold print accents. kitenge cotton piece from Karongi.,apparel,kitenge cotton,Karongi,11500,ART003
MIR0154,Decorative Storage Basket,handwoven by cooperatives. banana fiber piece from Nyagatare.,basketry,banana fiber,Nyagatare,41000,ART011
MIR0155,Classic Wrap Skirt,bold print accents. organic cotton piece from Musanze.,apparel,organic cotton,Musanze,43500,ART017
MIR0156,Decorative Agaseke Basket,handwoven by cooperatives. raffia piece from Gasabo.,basketry,raffia,Gasabo,15000,ART041
MIR0157,Classic Passport Case,cadeau en cuir pour femme. cow leather piece from Gicumbi.,leather,cow leather,Gicumbi,115000,ART052
MIR0158,Traditional Storage Basket,natural texture finish. raffia piece from Rusizi.,basketry,raffia,Rusizi,15000,ART023
MIR0159,Delicate Earrings,small artisan workshop. brass piece from Kayonza.,jewellery,brass,Kayonza,6000,ART007
MIR0160,Bright Pendant Set,lightweight for daily use. glass beads piece from Rubavu.,jewellery,glass beads,Rubavu,45000,ART045
MIR0161,Everyday Tailored Shirt,hand-finished seams. linen blend piece from Nyagatare.,apparel,linen blend,Nyagatare,29000,ART033
MIR0162,Warm Table Runner,simple artisan finish. banana fiber piece from Kicukiro.,home-decor,banana fiber,Kicukiro,86000,ART044
MIR0163,Premium Crossbody Bag,ideal gift for women. goat leather piece from Muhanga.,leather,goat leather,Muhanga,34500,ART087
MIR0164,Artisan Tailored Shirt,hand-finished seams. kitenge cotton piece from Huye.,apparel,kitenge cotton,Huye,60500,ART011
MIR0165,Lightweight Agaseke Basket,natural texture finish. banana fiber piece from Nyanza.,basketry,banana fiber,Nyanza,44000,ART007
MIR0166,Soft Wallet,cadeau en cuir pour femme. vegetable tanned leather piece from Nyanza.,leather,vegetable tanned leather,Nyanza,148500,ART017
MIR0167,Gift-Ready Beaded Necklace,lightweight for daily use. horn piece from Karongi.,jewellery,horn,Karongi,68000,ART034
MIR0168,Gift-Ready Beaded Necklace,inspired by local motifs. horn piece from Rusizi.,jewellery,horn,Rusizi,9500,ART031
MIR0169,Durable Passport Case,finished by local artisans. cow leather piece from Karongi.,leather,cow leather,Karongi,19500,ART060
MIR0170,Handmade Ceramic Vase,adds warmth to living room. sisal piece from Gicumbi.,home-decor,sisal,Gicumbi,83500,ART020
MIR0171,Soft Belt,clean handmade stitching. goat leather piece from Nyanza.,leather,goat leather,Nyanza,88500,ART068
MIR0172,Durable Passport Case,ideal gift for women. goat leather piece from Bugesera.,leather,goat leather,Bugesera,75000,ART006
MIR0173,Premium Card Holder,finished by local artisans. vegetable tanned leather piece from Nyarugenge.,leather,vegetable tanned leather,Nyarugenge,80500,ART071
MIR0174,Warm Cushion Cover,crafted for everyday decor. banana fiber piece from Nyanza.,home-decor,banana fiber,Nyanza,67500,ART029
MIR0175,Everyday Wrap Skirt,locally tailored fit. kitenge cotton piece from Nyanza.,apparel,kitenge cotton,Nyanza,13000,ART060
MIR0176,Elegant Light Jacket,locally tailored fit. linen blend piece from Rwamagana.,apparel,linen blend,Rwamagana,19000,ART031
MIR0177,Classic Tote Bag,clean handmade stitching. cuir artisanal piece from Gicumbi.,leather,cuir artisanal,Gicumbi,148500,ART053
MIR0178,Textured Wall Hanging,crafted for everyday decor. banana fiber piece from Karongi.,home-decor,banana fiber,Karongi,89500,ART068
MIR0179,Modern Wall Hanging,crafted for everyday decor. sisal piece from Nyanza.,home-decor,sisal,Nyanza,37000,ART016
MIR0180,Minimal Anklet,lightweight for daily use. silver tone metal piece from Karongi.,jewellery,silver tone metal,Karongi,36000,ART067
MIR0181,Modern Wood Candle Holder,designed for small spaces. kitenge cotton piece from Rusizi.,home-decor,kitenge cotton,Rusizi,67000,ART054
MIR0182,Textured Wood Candle Holder,crafted for everyday decor. ceramic piece from Nyarugenge.,home-decor,ceramic,Nyarugenge,35500,ART059
MIR0183,Soft Sandals,clean handmade stitching. vegetable tanned leather piece from Nyagatare.,leather,vegetable tanned leather,Nyagatare,126000,ART024
MIR0184,Durable Tote Bag,finished by local artisans. full grain leather piece from Kicukiro.,leather,full grain leather,Kicukiro,103500,ART059
MIR0185,Delicate Earrings,hand-assembled details. horn piece from Rubavu.,jewellery,horn,Rubavu,18000,ART073
MIR0186,Functional Wall Basket,crafted in small batches. banana fiber piece from Karongi.,basketry,banana fiber,Karongi,31500,ART023
MIR0187,Premium Crossbody Bag,clean handmade stitching. cuir artisanal piece from Rubavu.,leather,cuir artisanal,Rubavu,50500,ART069
MIR0188,Modern Tailored Shirt,locally tailored fit. linen blend piece from Bugesera.,apparel,linen blend,Bugesera,20500,ART082
MIR0189,Statement Anklet,small artisan workshop. glass beads piece from Rusizi.,jewellery,glass beads,Rusizi,49000,ART070
MIR0190,Classic Sandals,clean handmade stitching. goat leather piece from Rubavu.,leather,goat leather,Rubavu,56000,ART057
MIR0191,Minimal Ceramic Vase,designed for small spaces. ceramic piece from Huye.,home-decor,ceramic,Huye,52000,ART040
MIR0192,Soft Tote Bag,cadeau en cuir pour femme. vegetable tanned leather piece from Rusizi.,leather,vegetable tanned leather,Rusizi,96000,ART079
MIR0193,Everyday Tailored Shirt,bold print accents. kitenge cotton piece from Kayonza.,apparel,kitenge cotton,Kayonza,27500,ART077
MIR0194,Minimal Cushion Cover,crafted for everyday decor. ceramic piece from Rusizi.,home-decor,ceramic,Rusizi,59500,ART045
MIR0195,Modern Festival Top,bold print accents. linen blend piece from Musanze.,apparel,linen blend,Musanze,62500,ART037
MIR0196,Modern Festival Top,hand-finished seams. linen blend piece from Kayonza.,apparel,linen blend,Kayonza,50500,ART089
MIR0197,Decorative Woven Tray,natural texture finish. sisal piece from Karongi.,basketry,sisal,Karongi,30000,ART010
MIR0198,Handmade Wall Hanging,designed for small spaces. wood piece from Nyanza.,home-decor,wood,Nyanza,31000,ART059
MIR0199,Modern Tailored Shirt,comfortable daily wear. organic cotton piece from Muhanga.,apparel,organic cotton,Muhanga,25000,ART033
MIR0200,Classic Crossbody Bag,everyday city use. cuir artisanal piece from Rubavu.,leather,cuir artisanal,Rubavu,35000,ART078
MIR0201,Delicate Earrings,small artisan workshop. brass piece from Huye.,jewellery,brass,Huye,16000,ART041
MIR0202,Textured Wood Candle Holder,designed for small spaces. kitenge cotton piece from Rusizi.,home-decor,kitenge cotton,Rusizi,16500,ART070
MIR0203,Durable Tote Bag,clean handmade stitching. vegetable tanned leather piece from Kayonza.,leather,vegetable tanned leather,Kayonza,142500,ART026
MIR0204,Classic Kitenge Dress,bold print accents. organic cotton piece from Nyagatare.,apparel,organic cotton,Nyagatare,61000,ART056
MIR0205,Artisan Tailored Shirt,hand-finished seams. organic cotton piece from Kicukiro.,apparel,organic cotton,Kicukiro,42000,ART085
MIR0206,Modern Wrap Skirt,hand-finished seams. kitenge cotton piece from Rwamagana.,apparel,kitenge cotton,Rwamagana,46000,ART080
MIR0207,Classic Light Jacket,hand-finished seams. linen blend piece from Gicumbi.,apparel,linen blend,Gicumbi,17500,ART052
MIR0208,Traditional Fruit Basket,natural texture finish. raffia piece from Musanze.,basketry,raffia,Musanze,32500,ART046
MIR0209,Elegant Wrap Skirt,bold print accents. kitenge cotton piece from Kayonza.,apparel,kitenge cotton,Kayonza,11000,ART003
MIR0210,Premium Belt,clean handmade stitching. cow leather piece from Rusizi.,leather,cow leather,Rusizi,147000,ART066
MIR0211,Lightweight Storage Basket,natural texture finish. sisal piece from Nyagatare.,basketry,sisal,Nyagatare,13500,ART017
MIR0212,Lightweight Agaseke Basket,natural texture finish. banana fiber piece from Karongi.,basketry,banana fiber,Karongi,36500,ART032
MIR0213,Artisan Wrap Skirt,comfortable daily wear. linen blend piece from Gicumbi.,apparel,linen blend,Gicumbi,31000,ART085
MIR0214,Bright Earrings,hand-assembled details. glass beads piece from Rusizi.,jewellery,glass beads,Rusizi,42500,ART073
MIR0215,Gift-Ready Earrings,small artisan workshop. silver tone metal piece from Nyarugenge.,jewellery,silver tone metal,Nyarugenge,74000,ART052
MIR0216,Bright Beaded Necklace,lightweight for daily use. brass piece from Rubavu.,jewellery,brass,Rubavu,11000,ART049
MIR0217,Classic Light Jacket,comfortable daily wear. kitenge cotton piece from Gasabo.,apparel,kitenge cotton,Gasabo,56500,ART008
MIR0218,Classic Wrap Skirt,locally tailored fit. kitenge cotton piece from Huye.,apparel,kitenge cotton,Huye,55000,ART059
MIR0219,Warm Cushion Cover,simple artisan finish. kitenge cotton piece from Nyarugenge.,home-decor,kitenge cotton,Nyarugenge,29500,ART006
MIR0220,Soft Card Holder,clean handmade stitching. vegetable tanned leather piece from Nyagatare.,leather,vegetable tanned leather,Nyagatare,25000,ART074
MIR0221,Durable Wallet,ideal gift for women. vegetable tanned leather piece from Karongi.,leather,vegetable tanned leather,Karongi,57000,ART053
MIR0222,Durable Card Holder,finished by local artisans. vegetable tanned leather piece from Muhanga.,leather,vegetable tanned leather,Muhanga,76000,ART068
MIR0223,Lightweight Storage Basket,handwoven by cooperatives. raffia piece from Musanze.,basketry,raffia,Musanze,31000,ART057
MIR0224,Minimal Ceramic Vase,crafted for everyday decor. kitenge cotton piece from Karongi.,home-decor,kitenge cotton,Karongi,21500,ART008
MIR0225,Premium Crossbody Bag,ideal gift for women. cow leather piece from Gicumbi.,leather,cow leather,Gicumbi,108500,ART006
MIR0226,Minimal Wood Candle Holder,adds warmth to living room. kitenge cotton piece from Kayonza.,home-decor,kitenge cotton,Kayonza,44000,ART059
MIR0227,Modern Festival Top,bold print accents. kitenge cotton piece from Bugesera.,apparel,kitenge cotton,Bugesera,62500,ART086
MIR0228,Traditional Woven Tray,natural texture finish. sisal piece from Nyanza.,basketry,sisal,Nyanza,31000,ART020
MIR0229,Lightweight Woven Tray,good for home storage. sisal piece from Karongi.,basketry,sisal,Karongi,35000,ART001
MIR0230,Modern Light Jacket,comfortable daily wear. linen blend piece from Huye.,apparel,linen blend,Huye,10500,ART064
MIR0231,Classic Light Jacket,comfortable daily wear. linen blend piece from Nyanza.,apparel,linen blend,Nyanza,43500,ART034
MIR0232,Durable Crossbody Bag,clean handmade stitching. vegetable tanned leather piece from Musanze.,leather,vegetable tanned leather,Musanze,126000,ART069
MIR0233,Modern Cushion Cover,crafted for everyday decor. kitenge cotton piece from Huye.,home-decor,kitenge cotton,Huye,18000,ART068
MIR0234,Woven Fruit Basket,good for home storage. sisal piece from Nyagatare.,basketry,sisal,Nyagatare,32000,ART051
MIR0235,Warm Wood Candle Holder,adds warmth to living room. wood piece from Gasabo.,home-decor,wood,Gasabo,56500,ART001
MIR0236,Minimal Anklet,small artisan workshop. glass beads piece from Karongi.,jewellery,glass beads,Karongi,72000,ART016
MIR0237,Soft Tote Bag,cadeau en cuir pour femme. cuir artisanal piece from Rwamagana.,leather,cuir artisanal,Rwamagana,77500,ART076
MIR0238,Bright Beaded Necklace,lightweight for daily use. brass piece from Rwamagana.,jewellery,brass,Rwamagana,20500,ART053
MIR0239,Elegant Tailored Shirt,hand-finished seams. kitenge cotton piece from Musanze.,apparel,kitenge cotton,Musanze,32000,ART081
MIR0240,Classic Tailored Shirt,hand-finished seams. organic cotton piece from Rwamagana.,apparel,organic cotton,Rwamagana,16500,ART016
MIR0241,Gift-Ready Pendant Set,lightweight for daily use. brass piece from Rubavu.,jewellery,brass,Rubavu,24000,ART031
MIR0242,Statement Beaded Necklace,small artisan workshop. silver tone metal piece from Huye.,jewellery,silver tone metal,Huye,51000,ART024
MIR0243,Durable Wallet,cadeau en cuir pour femme. cuir artisanal piece from Bugesera.,leather,cuir artisanal,Bugesera,108500,ART003
MIR0244,Decorative Agaseke Basket,natural texture finish. sisal piece from Gasabo.,basketry,sisal,Gasabo,30000,ART011
MIR0245,Woven Fruit Basket,crafted in small batches. sisal piece from Gicumbi.,basketry,sisal,Gicumbi,9000,ART087
MIR0246,Handmade Wood Candle Holder,crafted for everyday decor. ceramic piece from Nyarugenge.,home-decor,ceramic,Nyarugenge,10500,ART090
MIR0247,Traditional Storage Basket,crafted in small batches. sisal piece from Rubavu.,basketry,sisal,Rubavu,8500,ART043
MIR0248,Hand-Stitched Sandals,cadeau en cuir pour femme. cuir artisanal piece from Bugesera.,leather,cuir artisanal,Bugesera,147000,ART016
MIR0249,Soft Wallet,cadeau en cuir pour femme. vegetable tanned leather piece from Rwamagana.,leather,vegetable tanned leather,Rwamagana,144000,ART027
MIR0250,Hand-Stitched Wallet,everyday city use. goat leather piece from Karongi.,leather,goat leather,Karongi,29500,ART053
MIR0251,Lightweight Wall Basket,handwoven by cooperatives. sisal piece from Nyarugenge.,basketry,sisal,Nyarugenge,37000,ART089
MIR0252,Warm Wood Candle Holder,designed for small spaces. ceramic piece from Muhanga.,home-decor,ceramic,Muhanga,41000,ART033
MIR0253,Soft Belt,cadeau en cuir pour femme. cuir artisanal piece from Nyanza.,leather,cuir artisanal,Nyanza,122500,ART035
MIR0254,Classic Passport Case,ideal gift for women. goat leather piece from Karongi.,leather,goat leather,Karongi,74000,ART030
MIR0255,Soft Passport Case,finished by local artisans. goat leather piece from Nyagatare.,leather,goat leather,Nyagatare,60500,ART027
MIR0256,Bright Bracelet,hand-assembled details. silver tone metal piece from Kayonza.,jewellery,silver tone metal,Kayonza,34000,ART032
MIR0257,Delicate Bracelet,inspired by local motifs. silver tone metal piece from Nyarugenge.,jewellery,silver tone metal,Nyarugenge,77500,ART046
MIR0258,Artisan Tailored Shirt,bold print accents. kitenge cotton piece from Karongi.,apparel,kitenge cotton,Karongi,51500,ART051
MIR0259,Modern Light Jacket,bold print accents. organic cotton piece from Gicumbi.,apparel,organic cotton,Gicumbi,19000,ART088
MIR0260,Woven Fruit Basket,good for home storage. banana fiber piece from Kayonza.,basketry,banana fiber,Kayonza,43000,ART005
MIR0261,Modern Festival Top,locally tailored fit. kitenge cotton piece from Bugesera.,apparel,kitenge cotton,Bugesera,64000,ART083
MIR0262,Minimal Beaded Necklace,small artisan workshop. brass piece from Kayonza.,jewellery,brass,Kayonza,47500,ART062
MIR0263,Premium Tote Bag,cadeau en cuir pour femme. goat leather piece from Karongi.,leather,goat leather,Karongi,45000,ART014
MIR0264,Modern Light Jacket,locally tailored fit. organic cotton piece from Nyagatare.,apparel,organic cotton,Nyagatare,53000,ART001
MIR0265,Textured Wood Candle Holder,crafted for everyday decor. banana fiber piece from Bugesera.,home-decor,banana fiber,Bugesera,77500,ART089
MIR0266,Classic Light Jacket,comfortable daily wear. kitenge cotton piece from Rusizi.,apparel,kitenge cotton,Rusizi,52500,ART015
MIR0267,Soft Crossbody Bag,cadeau en cuir pour femme. goat leather piece from Muhanga.,leather,goat leather,Muhanga,22500,ART022
MIR0268,Elegant Festival Top,bold print accents. linen blend piece from Gicumbi.,apparel,linen blend,Gicumbi,42500,ART017
MIR0269,Artisan Festival Top,hand-finished seams. organic cotton piece from Huye.,apparel,organic cotton,Huye,31000,ART011
MIR0270,Everyday Festival Top,locally tailored fit. organic cotton piece from Musanze.,apparel,organic cotton,Musanze,64000,ART051
MIR0271,Elegant Wrap Skirt,comfortable daily wear. linen blend piece from Nyagatare.,apparel,linen blend,Nyagatare,16000,ART085
MIR0272,Classic Light Jacket,hand-finished seams. kitenge cotton piece from Bugesera.,apparel,kitenge cotton,Bugesera,56000,ART072
MIR0273,Modern Kitenge Dress,bold print accents. linen blend piece from Rubavu.,apparel,linen blend,Rubavu,12500,ART066
MIR0274,Functional Agaseke Basket,natural texture finish. raffia piece from Rwamagana.,basketry,raffia,Rwamagana,32500,ART042
MIR0275,Woven Fruit Basket,natural texture finish. raffia piece from Rusizi.,basketry,raffia,Rusizi,36500,ART011
MIR0276,Premium Sandals,cadeau en cuir pour femme. cow leather piece from Muhanga.,leather,cow leather,Muhanga,84000,ART042
MIR0277,Durable Passport Case,clean handmade stitching. vegetable tanned leather piece from Nyarugenge.,leather,vegetable tanned leather,Nyarugenge,80000,ART052
MIR0278,Premium Wallet,clean handmade stitching. cow leather piece from Rwamagana.,leather,cow leather,Rwamagana,68000,ART086
MIR0279,Minimal Cushion Cover,adds warmth to living room. ceramic piece from Kayonza.,home-decor,ceramic,Kayonza,55500,ART023
MIR0280,Minimal Ceramic Vase,crafted for everyday decor. banana fiber piece from Bugesera.,home-decor,banana fiber,Bugesera,42500,ART058
MIR0281,Everyday Kitenge Dress,locally tailored fit. organic cotton piece from Gasabo.,apparel,organic cotton,Gasabo,29500,ART019
MIR0282,Everyday Festival Top,hand-finished seams. linen blend piece from Nyanza.,apparel,linen blend,Nyanza,48500,ART004
MIR0283,Durable Belt,clean handmade stitching. vegetable tanned leather piece from Bugesera.,leather,vegetable tanned leather,Bugesera,55000,ART035
MIR0284,Classic Passport Case,ideal gift for women. cuir artisanal piece from Bugesera.,leather,cuir artisanal,Bugesera,20500,ART011
MIR0285,Functional Agaseke Basket,good for home storage. banana fiber piece from Nyarugenge.,basketry,banana fiber,Nyarugenge,8000,ART065
MIR0286,Hand-Stitched Passport Case,finished by local artisans. vegetable tanned leather piece from Rusizi.,leather,vegetable tanned leather,Rusizi,73500,ART036
MIR0287,Classic Festival Top,comfortable daily wear. kitenge cotton piece from Kayonza.,apparel,kitenge cotton,Kayonza,53500,ART026
MIR0288,Soft Crossbody Bag,clean handmade stitching. goat leather piece from Nyarugenge.,leather,goat leather,Nyarugenge,25000,ART087
MIR0289,Hand-Stitched Sandals,cadeau en cuir pour femme. cow leather piece from Rusizi.,leather,cow leather,Rusizi,29500,ART049
MIR0290,Elegant Festival Top,locally tailored fit. linen blend piece from Huye.,apparel,linen blend,Huye,16000,ART085
MIR0291,Handmade Wood Candle Holder,designed for small spaces. wood piece from Muhanga.,home-decor,wood,Muhanga,87000,ART035
MIR0292,Modern Festival Top,bold print accents. linen blend piece from Nyagatare.,apparel,linen blend,Nyagatare,36000,ART064
MIR0293,Modern Wall Hanging,crafted for everyday decor. banana fiber piece from Huye.,home-decor,banana fiber,Huye,23000,ART026
MIR0294,Classic Tailored Shirt,locally tailored fit. kitenge cotton piece from Rusizi.,apparel,kitenge cotton,Rusizi,52500,ART007
MIR0295,Modern Ceramic Vase,designed for small spaces. kitenge cotton piece from Bugesera.,home-decor,kitenge cotton,Bugesera,14000,ART076
MIR0296,Textured Table Runner,crafted for everyday decor. kitenge cotton piece from Gicumbi.,home-decor,kitenge cotton,Gicumbi,88000,ART019
MIR0297,Textured Wood Candle Holder,simple artisan finish. wood piece from Rwamagana.,home-decor,wood,Rwamagana,79500,ART060
MIR0298,Delicate Anklet,lightweight for daily use. brass piece from Muhanga.,jewellery,brass,Muhanga,17500,ART005
MIR0299,Delicate Anklet,inspired by local motifs. brass piece from Nyarugenge.,jewellery,brass,Nyarugenge,33000,ART014
MIR0300,Lightweight Woven Tray,crafted in small batches. raffia piece from Nyanza.,basketry,raffia,Nyanza,13000,ART057
MIR0301,Gift-Ready Bracelet,small artisan workshop. horn piece from Nyanza.,jewellery,horn,Nyanza,52000,ART059
MIR0302,Classic Festival Top,comfortable daily wear. organic cotton piece from Kicukiro.,apparel,organic cotton,Kicukiro,21500,ART009
MIR0303,Traditional Fruit Basket,natural texture finish. raffia piece from Kayonza.,basketry,raffia,Kayonza,18000,ART077
MIR0304,Premium Card Holder,finished by local artisans. vegetable tanned leather piece from Nyagatare.,leather,vegetable tanned leather,Nyagatare,56500,ART017
MIR0305,Handmade Table Runner,crafted for everyday decor. kitenge cotton piece from Rusizi.,home-decor,kitenge cotton,Rusizi,74000,ART015
MIR0306,Classic Crossbody Bag,finished by local artisans. full grain leather piece from Bugesera.,leather,full grain leather,Bugesera,141500,ART016
MIR0307,Premium Card Holder,everyday city use. cuir artisanal piece from Kicukiro.,leather,cuir artisanal,Kicukiro,85500,ART053
MIR0308,Woven Fruit Basket,natural texture finish. raffia piece from Kayonza.,basketry,raffia,Kayonza,45000,ART040
MIR0309,Soft Tote Bag,everyday city use. vegetable tanned leather piece from Rwamagana.,leather,vegetable tanned leather,Rwamagana,146500,ART083
MIR0310,Elegant Kitenge Dress,locally tailored fit. organic cotton piece from Musanze.,apparel,organic cotton,Musanze,44500,ART021
MIR0311,Premium Sandals,everyday city use. vegetable tanned leather piece from Kayonza.,leather,vegetable tanned leather,Kayonza,80000,ART002
MIR0312,Durable Passport Case,cadeau en cuir pour femme. vegetable tanned leather piece from Rusizi.,leather,vegetable tanned leather,Rusizi,125500,ART006
MIR0313,Classic Card Holder,everyday city use. full grain leather piece from Karongi.,leather,full grain leather,Karongi,75000,ART082
MIR0314,Premium Sandals,ideal gift for women. cuir artisanal piece from Karongi.,leather,cuir artisanal,Karongi,60000,ART057
MIR0315,Classic Belt,cadeau en cuir pour femme. full grain leather piece from Rusizi.,leather,full grain leather,Rusizi,109500,ART084
MIR0316,Soft Wallet,ideal gift for women. vegetable tanned leather piece from Nyanza.,leather,vegetable tanned leather,Nyanza,82000,ART074
MIR0317,Classic Tote Bag,ideal gift for women. vegetable tanned leather piece from Nyagatare.,leather,vegetable tanned leather,Nyagatare,94500,ART048
MIR0318,Lightweight Wall Basket,natural texture finish. sisal piece from Huye.,basketry,sisal,Huye,30000,ART018
MIR0319,Classic Tote Bag,ideal gift for women. goat leather piece from Bugesera.,leather,goat leather,Bugesera,89500,ART066
MIR0320,Warm Table Runner,crafted for everyday decor. banana fiber piece from Gicumbi.,home-decor,banana fiber,Gicumbi,23500,ART014
MIR0321,Textured Cushion Cover,simple artisan finish. wood piece from Rwamagana.,home-decor,wood,Rwamagana,67500,ART018
MIR0322,Premium Card Holder,finished by local artisans. full grain leather piece from Gicumbi.,leather,full grain leather,Gicumbi,61500,ART016
MIR0323,Soft Card Holder,ideal gift for women. cuir artisanal piece from Nyarugenge.,leather,cuir artisanal,Nyarugenge,46500,ART036
MIR0324,Lightweight Storage Basket,crafted in small batches. sisal piece from Rusizi.,basketry,sisal,Rusizi,33000,ART050
MIR0325,Warm Table Runner,simple artisan finish. ceramic piece from Rwamagana.,home-decor,ceramic,Rwamagana,55500,ART022
MIR0326,Woven Wall Basket,natural texture finish. banana fiber piece from Musanze.,basketry,banana fiber,Musanze,38000,ART041
MIR0327,Bright Earrings,hand-assembled details. silver tone metal piece from Huye.,jewellery,silver tone metal,Huye,23000,ART017
MIR0328,Lightweight Fruit Basket,crafted in small batches. raffia piece from Rusizi.,basketry,raffia,Rusizi,35000,ART022
MIR0329,Lightweight Agaseke Basket,handwoven by cooperatives. sisal piece from Rubavu.,basketry,sisal,Rubavu,5500,ART033
MIR0330,Classic Belt,cadeau en cuir pour femme. goat leather piece from Gicumbi.,leather,goat leather,Gicumbi,44500,ART034
MIR0331,Minimal Bracelet,lightweight for daily use. brass piece from Bugesera.,jewellery,brass,Bugesera,52500,ART033
MIR0332,Classic Wrap Skirt,comfortable daily wear. linen blend piece from Nyanza.,apparel,linen blend,Nyanza,43500,ART090
MIR0333,Functional Fruit Basket,crafted in small batches. banana fiber piece from Bugesera.,basketry,banana fiber,Bugesera,19500,ART046
MIR0334,Handmade Wall Hanging,designed for small spaces. kitenge cotton piece from Rusizi.,home-decor,kitenge cotton,Rusizi,46500,ART002
MIR0335,Everyday Light Jacket,locally tailored fit. organic cotton piece from Nyagatare.,apparel,organic cotton,Nyagatare,52000,ART041
MIR0336,Decorative Fruit Basket,good for home storage. banana fiber piece from Kayonza.,basketry,banana fiber,Kayonza,14000,ART010
MIR0337,Elegant Kitenge Dress,bold print accents. kitenge cotton piece from Gicumbi.,apparel,kitenge cotton,Gicumbi,46500,ART070
MIR0338,Delicate Anklet,hand-assembled details. horn piece from Nyarugenge.,jewellery,horn,Nyarugenge,35500,ART029
MIR0339,Modern Wrap Skirt,bold print accents. linen blend piece from Nyanza.,apparel,linen blend,Nyanza,33000,ART057
MIR0340,Minimal Cushion Cover,adds warmth to living room. ceramic piece from Nyanza.,home-decor,ceramic,Nyanza,21000,ART027
MIR0341,Classic Tailored Shirt,bold print accents. linen blend piece from Gasabo.,apparel,linen blend,Gasabo,52000,ART057
MIR0342,Warm Wall Hanging,designed for small spaces. banana fiber piece from Gasabo.,home-decor,banana fiber,Gasabo,23000,ART062
MIR0343,Delicate Pendant Set,lightweight for daily use. brass piece from Gicumbi.,jewellery,brass,Gicumbi,74000,ART089
MIR0344,Decorative Woven Tray,crafted in small batches. sisal piece from Rubavu.,basketry,sisal,Rubavu,37500,ART061
MIR0345,Bright Bracelet,small artisan workshop. horn piece from Rubavu.,jewellery,horn,Rubavu,47500,ART031
MIR0346,Delicate Earrings,inspired by local motifs. silver tone metal piece from Kayonza.,jewellery,silver tone metal,Kayonza,24500,ART039
MIR0347,Handmade Ceramic Vase,crafted for everyday decor. sisal piece from Karongi.,home-decor,sisal,Karongi,68000,ART053
MIR0348,Hand-Stitched Card Holder,everyday city use. goat leather piece from Rusizi.,leather,goat leather,Rusizi,91000,ART001
MIR0349,Functional Storage Basket,handwoven by cooperatives. banana fiber piece from Gasabo.,basketry,banana fiber,Gasabo,41000,ART019
MIR0350,Elegant Light Jacket,hand-finished seams. linen blend piece from Karongi.,apparel,linen blend,Karongi,31000,ART009
MIR0351,Decorative Storage Basket,handwoven by cooperatives. sisal piece from Huye.,basketry,sisal,Huye,12000,ART022
MIR0352,Everyday Kitenge Dress,locally tailored fit. organic cotton piece from Nyagatare.,apparel,organic cotton,Nyagatare,57500,ART044
MIR0353,Decorative Fruit Basket,crafted in small batches. banana fiber piece from Rusizi.,basketry,banana fiber,Rusizi,11500,ART013
MIR0354,Decorative Fruit Basket,handwoven by cooperatives. raffia piece from Musanze.,basketry,raffia,Musanze,15000,ART084
MIR0355,Classic Passport Case,clean handmade stitching. cow leather piece from Karongi.,leather,cow leather,Karongi,69000,ART088
MIR0356,Premium Belt,everyday city use. goat leather piece from Nyarugenge.,leather,goat leather,Nyarugenge,76000,ART017
MIR0357,Bright Earrings,small artisan workshop. brass piece from Karongi.,jewellery,brass,Karongi,46000,ART020
MIR0358,Minimal Anklet,hand-assembled details. silver tone metal piece from Nyanza.,jewellery,silver tone metal,Nyanza,25000,ART025
MIR0359,Premium Crossbody Bag,everyday city use. cow leather piece from Kayonza.,leather,cow leather,Kayonza,140500,ART047
MIR0360,Traditional Storage Basket,natural texture finish. banana fiber piece from Nyanza.,basketry,banana fiber,Nyanza,6500,ART036
MIR0361,Warm Table Runner,simple artisan finish. sisal piece from Nyanza.,home-decor,sisal,Nyanza,20500,ART040
MIR0362,Modern Tailored Shirt,hand-finished seams. linen blend piece from Nyanza.,apparel,linen blend,Nyanza,56500,ART077
MIR0363,Modern Kitenge Dress,bold print accents. organic cotton piece from Gasabo.,apparel,organic cotton,Gasabo,39500,ART078
MIR0364,Classic Tailored Shirt,locally tailored fit. organic cotton piece from Muhanga.,apparel,organic cotton,Muhanga,16000,ART069
MIR0365,Decorative Agaseke Basket,good for home storage. sisal piece from Kayonza.,basketry,sisal,Kayonza,44000,ART010
MIR0366,Premium Belt,cadeau en cuir pour femme. cuir artisanal piece from Nyarugenge.,leather,cuir artisanal,Nyarugenge,115000,ART048
MIR0367,Gift-Ready Beaded Necklace,lightweight for daily use. brass piece from Karongi.,jewellery,brass,Karongi,37500,ART056
MIR0368,Functional Agaseke Basket,good for home storage. sisal piece from Rubavu.,basketry,sisal,Rubavu,25000,ART046
MIR0369,Soft Belt,finished by local artisans. cuir artisanal piece from Huye.,leather,cuir artisanal,Huye,144500,ART075
MIR0370,Handmade Wood Candle Holder,crafted for everyday decor. wood piece from Karongi.,home-decor,wood,Karongi,63500,ART067
MIR0371,Statement Earrings,small artisan workshop. horn piece from Nyarugenge.,jewellery,horn,Nyarugenge,39500,ART031
MIR0372,Premium Passport Case,clean handmade stitching. full grain leather piece from Gicumbi.,leather,full grain leather,Gicumbi,148000,ART083
MIR0373,Durable Wallet,everyday city use. goat leather piece from Nyanza.,leather,goat leather,Nyanza,22000,ART060
MIR0374,Durable Passport Case,finished by local artisans. cow leather piece from Muhanga.,leather,cow leather,Muhanga,133000,ART038
MIR0375,Modern Kitenge Dress,comfortable daily wear. organic cotton piece from Karongi.,apparel,organic cotton,Karongi,43000,ART055
MIR0376,Everyday Festival Top,hand-finished seams. linen blend piece from Karongi.,apparel,linen blend,Karongi,52000,ART028
MIR0377,Textured Cushion Cover,designed for small spaces. wood piece from Nyanza.,home-decor,wood,Nyanza,84500,ART027
MIR0378,Hand-Stitched Card Holder,cadeau en cuir pour femme. cow leather piece from Nyagatare.,leather,cow leather,Nyagatare,110000,ART020
MIR0379,Soft Wallet,clean handmade stitching. full grain leather piece from Rwamagana.,leather,full grain leather,Rwamagana,74500,ART043
MIR0380,Gift-Ready Earrings,small artisan workshop. horn piece from Karongi.,jewellery,horn,Karongi,35500,ART003
MIR0381,Functional Fruit Basket,good for home storage. banana fiber piece from Gasabo.,basketry,banana fiber,Gasabo,26500,ART033
MIR0382,Modern Cushion Cover,designed for small spaces. banana fiber piece from Musanze.,home-decor,banana fiber,Musanze,80500,ART068
MIR0383,Bright Earrings,small artisan workshop. glass beads piece from Rwamagana.,jewellery,glass beads,Rwamagana,65000,ART037
MIR0384,Classic Crossbody Bag,ideal gift for women. goat leather piece from Nyagatare.,leather,goat leather,Nyagatare,144500,ART003
MIR0385,Classic Belt,finished by local artisans. cow leather piece from Nyanza.,leather,cow leather,Nyanza,140000,ART034
MIR0386,Warm Wall Hanging,adds warmth to living room. ceramic piece from Kicukiro.,home-decor,ceramic,Kicukiro,60000,ART041
MIR0387,Bright Earrings,small artisan workshop. brass piece from Bugesera.,jewellery,brass,Bugesera,10500,ART076
MIR0388,Minimal Cushion Cover,crafted for everyday decor. ceramic piece from Kicukiro.,home-decor,ceramic,Kicukiro,87500,ART013
MIR0389,Artisan Kitenge Dress,comfortable daily wear. linen blend piece from Bugesera.,apparel,linen blend,Bugesera,55500,ART075
MIR0390,Textured Table Runner,adds warmth to living room. wood piece from Kicukiro.,home-decor,wood,Kicukiro,17000,ART009
MIR0391,Woven Storage Basket,handwoven by cooperatives. sisal piece from Kayonza.,basketry,sisal,Kayonza,6000,ART008
MIR0392,Everyday Kitenge Dress,hand-finished seams. linen blend piece from Karongi.,apparel,linen blend,Karongi,52500,ART053
MIR0393,Decorative Agaseke Basket,good for home storage. raffia piece from Bugesera.,basketry,raffia,Bugesera,22500,ART028
MIR0394,Functional Fruit Basket,good for home storage. banana fiber piece from Nyagatare.,basketry,banana fiber,Nyagatare,19000,ART041
MIR0395,Everyday Kitenge Dress,bold print accents. kitenge cotton piece from Nyarugenge.,apparel,kitenge cotton,Nyarugenge,53000,ART038
MIR0396,Soft Crossbody Bag,finished by local artisans. cow leather piece from Karongi.,leather,cow leather,Karongi,128000,ART023
MIR0397,Bright Pendant Set,small artisan workshop. horn piece from Rusizi.,jewellery,horn,Rusizi,71000,ART059
MIR0398,Hand-Stitched Tote Bag,finished by local artisans. full grain leather piece from Musanze.,leather,full grain leather,Musanze,42000,ART028
MIR0399,Classic Belt,ideal gift for women. full grain leather piece from Bugesera.,leather,full grain leather,Bugesera,148000,ART011
MIR0400,Durable Belt,ideal gift for women. goat leather piece from Huye.,leather,goat leather,Huye,98000,ART050
